OBJECT_ID,CENTROID // MEAN_X_(PX),CENTROID // MEAN_Y_(PX),TIMEPOINT,TRACK_ID
1,78.3026748,203.3137025,0,0
2,148,417,0,0
3,194,105,0,0
4,238.631068,467.464742,0,0
5,323,531,0,0
6,345.7346814,594.6911765,0,0
7,396,311,0,0
8,435.5,452,0,0
9,434,542,0,0
10,437,646.5,0,0
11,500,332,0,0
12,509.6656783,607.8554485,0,0
13,517,538,0,0
14,529.0163934,759.5193741,0,0
15,572,38,0,0
16,635.8982036,684.9086826,0,0
17,639,584,0,0
18,676,502,0,0
19,707,816,0,0
20,723,914,0,0
21,829,185,0,0
22,862.2652705,764.6387435,0,0
23,891.8786292,711.3465017,0,0
24,81.14414195,202.7912008,1,0
25,148,417,1,0
26,195,104,1,0
27,243.6858754,467.7688694,1,0
28,323,531,1,0
29,345,595,1,0
30,398,311,1,0
31,435,452,1,0
32,435,542,1,0
33,435.1746758,652.1525553,1,0
34,500,332,1,0
35,510,608,1,0
36,517,538,1,0
37,524.9731707,761.4195122,1,0
38,571,41,1,0
39,631.1140802,686.5693731,1,0
40,639,584,1,0
41,678,501,1,0
42,708.5,816,1,0
43,724,920,1,0
44,827.1447231,184.3333333,1,0
45,864.982243,761.5401869,1,0
46,890,704,1,0
47,77.80272634,201.3459362,2,0
48,148,417,2,0
49,196,102.5,2,0
50,244.0339463,464.5187412,2,0
51,323,531,2,0
52,347,592,2,0
53,398,310,2,0
54,433,451,2,0
55,433,652,2,0
56,441,538,2,0
57,500,332,2,0
58,510,607,2,0
59,517,538,2,0
60,527.5,758.5,2,0
61,570,40,2,0
62,634.5,684,2,0
63,641,583.5,2,0
64,678,500.5,2,0
65,709,816,2,0
66,724,917,2,0
67,826,183,2,0
68,864.837585,764.2708333,2,0
69,890,705,2,0
70,77.22666962,198.7295444,3,0
71,148,417,3,0
72,199,100,3,0
73,244.0585489,462.0366379,3,0
74,325,531,3,0
75,347,593,3,0
76,398.5,309,3,0
77,433.5,451,3,0
78,436,649.5,3,0
79,441,538,3,0
80,500.5,330.5,3,0
81,510,607,3,0
82,517,538,3,0
83,526.4022015,754.834039,3,0
84,570,40,3,0
85,633.1673028,687.1507634,3,0
86,641.61846,582.61846,3,0
87,678,500,3,0
88,710,816,3,0
89,724,917,3,0
90,830,183,3,0
91,868,765,3,0
92,890,705,3,0
93,80.95559742,200.7212056,4,0
94,143,416,4,0
95,203,99,4,0
96,242.7166998,459.6865474,4,0
97,325.5,531,4,0
98,343.280543,590.8545572,4,0
99,399.5,308.5,4,0
100,434,451,4,0
101,438.9047619,651.9569892,4,0
102,445,534,4,0
103,502,327,4,0
104,512.0331687,605.5638673,4,0
105,526,535,4,0
106,529.492467,761.4689266,4,0
107,570,40,4,0
108,638.1491525,685.6491525,4,0
109,642,582,4,0
110,679,500,4,0
111,710,816,4,0
112,723,915,4,0
113,831,185,4,0
114,870.5,763,4,0
115,890,705,4,0
116,78.73728603,197.535351,5,0
117,144,416,5,0
118,201.5,99,5,0
119,243.1951603,460.5735387,5,0
120,326,531,5,0
121,343.0609756,591.0257453,5,0
122,401,306,5,0
123,435,451,5,0
124,437.4304584,652.029526,5,0
125,445,534,5,0
126,502,327,5,0
127,515,604,5,0
128,526,535,5,0
129,531,760.5,5,0
130,570,40,5,0
131,637.0067568,687.0088358,5,0
132,642,583,5,0
133,682,499,5,0
134,708.5,816,5,0
135,721,914,5,0
136,831,185,5,0
137,867,763,5,0
138,893.4762887,707.7046392,5,0
139,75.87024864,200.5953129,6,0
140,144.5,416,6,0
141,201,99,6,0
142,244.5588235,464.5454248,6,0
143,325,531,6,0
144,341.6705471,597.072759,6,0
145,401,305,6,0
146,435,451,6,0
147,440,651,6,0
148,445,534,6,0
149,501.5,327,6,0
150,517.5,604,6,0
151,532.5,530,6,0
152,534,761.5,6,0
153,572.5,40,6,0
154,640.0074541,686.0097477,6,0
155,642,583,6,0
156,683,499,6,0
157,708,816,6,0
158,722,914,6,0
159,829,182,6,0
160,867.5,763,6,0
161,889.1850437,703.2767467,6,0
162,78.53219593,198.1755641,7,0
163,145,416,7,0
164,202.5,100,7,0
165,245.409379,458.9841572,7,0
166,323,530,7,0
167,343.6037196,594.5422031,7,0
168,400,305,7,0
169,435,451,7,0
170,439.5,650.5,7,0
171,445,534,7,0
172,496.142623,330.6377049,7,0
173,519,604,7,0
174,530,531,7,0
175,535.5,759,7,0
176,573,40,7,0
177,636.3776897,687.9195923,7,0
178,642,583,7,0
179,684,494,7,0
180,709.5,816,7,0
181,722,914,7,0
182,826,180,7,0
183,874.5,755,7,0
184,892.7013301,705.3599355,7,0
185,78.45879253,198.8172017,8,0
186,145,416,8,0
187,203,100.5,8,0
188,242.6283701,456.5422794,8,0
189,323,530,8,0
190,340.4309783,598.0092391,8,0
191,398,305,8,0
192,428,453,8,0
193,438.5,650.5,8,0
194,445,534,8,0
195,495,332.5,8,0
196,520,602.5,8,0
197,529,531,8,0
198,536.002693,757.0152603,8,0
199,573,40,8,0
200,632.6364978,689.5818987,8,0
201,642,583,8,0
202,684.5,494,8,0
203,710,815,8,0
204,723,913.5,8,0
205,830,183,8,0
206,865,759.5,8,0
207,890,707.5,8,0
208,81.46087398,196.3020833,9,0
209,144,416,9,0
210,206,101,9,0
211,241.1190765,459.0361482,9,0
212,323,530,9,0
213,338.7153189,600.1794872,9,0
214,396,305,9,0
215,436.5,654.5,9,0
216,434,454,9,0
217,449,533,9,0
218,496.022779,330.4527335,9,0
219,518.6709337,602.1106928,9,0
220,529.5,531,9,0
221,528,764,9,0
222,573,40,9,0
223,633.4939467,691.042615,9,0
224,642,583,9,0
225,687.5,492,9,0
226,709,815,9,0
227,725,913,9,0
228,829.5,183,9,0
229,864.5,762,9,0
230,888.2392704,708.7430258,9,0
231,84.01196172,195.9301435,10,0
232,144,415,10,0
233,207,101,10,0
234,243,457.5,10,0
235,323,530,10,0
236,337.5466583,601.0214376,10,0
237,396,305,10,0
238,435,657,10,0
239,450.6119829,533.8323823,10,0
240,442,446,10,0
241,499,327.5,10,0
242,511,608.5,10,0
243,529.0092807,763.5382831,10,0
244,530,531,10,0
245,573,40,10,0
246,633.0676891,690.6298255,10,0
247,645,580,10,0
248,688,491,10,0
249,709,815,10,0
250,724.5,913,10,0
251,828,181,10,0
252,862,762,10,0
253,890.4173069,707.1904569,10,0
254,83.24020076,194.2433078,11,0
255,144,416,11,0
256,209.5,100,11,0
257,246.9673243,454.4913687,11,0
258,323,530,11,0
259,338,595.5,11,0
260,396,305,11,0
261,433.6505495,653.6483516,11,0
262,443.5260116,451.0433526,11,0
263,453.868191,534.131809,11,0
264,499,328,11,0
265,514,610,11,0
266,528.5,764,11,0
267,530,531,11,0
268,573,40,11,0
269,633.0172606,691.0595768,11,0
270,645,580,11,0
271,687,493,11,0
272,701,818,11,0
273,727,913,11,0
274,828,181,11,0
275,864,762,11,0
276,887.7302885,705.8634615,11,0
277,83.3575934,191.426492,12,0
278,146,416,12,0
279,213,97.5,12,0
280,246.7744548,454.7320872,12,0
281,322.5472665,528.977221,12,0
282,339.7030223,598.1773982,12,0
283,396,305,12,0
284,432.6982507,653.8360058,12,0
285,446.2327791,443.3420428,12,0
286,453,531,12,0
287,499.4328753,328.5327696,12,0
288,514,609.5,12,0
289,526.5,764,12,0
290,532,530,12,0
291,573,40,12,0
292,636.5622983,689.0296966,12,0
293,645,580,12,0
294,687,493,12,0
295,702,818,12,0
296,728,921,12,0
297,826,179.5,12,0
298,865,761.5,12,0
299,891.6037435,707.9494225,12,0
300,83.09594365,189.8902113,13,0
301,149.1701149,414.6157635,13,0
302,214.9240168,94.89767087,13,0
303,244.0692612,458.5207784,13,0
304,320,526,13,0
305,339,600,13,0
306,396,305,13,0
307,431.5420136,654.5124905,13,0
308,453,532,13,0
309,443,452,13,0
310,498.4638783,327.9891363,13,0
311,512,611.5,13,0
312,525.0117532,763.5122429,13,0
313,533,530,13,0
314,573,40,13,0
315,641.5,583,13,0
316,640,690,13,0
317,687,493,13,0
318,706,821,13,0
319,728,922,13,0
320,828,182,13,0
321,862.5,756,13,0
322,894.7041377,715.2054193,13,0
323,87.84142788,186.3839242,14,0
324,151,412,14,0
325,217,93.5,14,0
326,247.1752468,450.5814528,14,0
327,320,526,14,0
328,337.9510309,606.492268,14,0
329,396,305,14,0
330,425,658.5,14,0
331,446.9522727,452.2136364,14,0
332,453,531,14,0
333,495.6916039,331.1560818,14,0
334,511.1657049,612.6529266,14,0
335,528.6524752,763.6792079,14,0
336,533,529,14,0
337,573,40,14,0
338,640,583,14,0
339,640,690,14,0
340,691.2414175,496.7585825,14,0
341,704,821,14,0
342,728,924,14,0
343,828.3363482,180.8569813,14,0
344,867,760,14,0
345,889.8497135,707.9911855,14,0
346,91.35871886,184.8982206,15,0
347,151,412,15,0
348,219,93,15,0
349,246.1724739,451.3725319,15,0
350,321,527,15,0
351,336.7730015,607.5263952,15,0
352,396,305,15,0
353,425,651.5,15,0
354,445.8484108,450.7261614,15,0
355,453,526,15,0
356,495,332.5,15,0
357,504.5285235,613.511745,15,0
358,526.6773869,766.7105528,15,0
359,533,529,15,0
360,573,40,15,0
361,639,581,15,0
362,640,694,15,0
363,694.6195715,496.3804285,15,0
364,708,821,15,0
365,728,923,15,0
366,831.4527335,181.977221,15,0
367,866.5,760,15,0
368,893.2097674,711.7288372,15,0
369,93.13726027,178.0178082,16,0
370,151,412,16,0
371,219,93.5,16,0
372,246.998375,447.0048749,16,0
373,321,528.5,16,0
374,334.2446873,612.3995143,16,0
375,396,303,16,0
376,422,651,16,0
377,438,434,16,0
378,453,524,16,0
379,496,330,16,0
380,500.0702371,615.4626866,16,0
381,528.5,766,16,0
382,533,529,16,0
383,573,40,16,0
384,638,580,16,0
385,640,694,16,0
386,696,496,16,0
387,706,821,16,0
388,728,923,16,0
389,832.3804285,183.3804285,16,0
390,866,760,16,0
391,891.0217134,711.2258192,16,0
392,94.40180135,181.5984488,17,0
393,151,412,17,0
394,218.4060043,94.9617584,17,0
395,247.6977833,441.0761786,17,0
396,324,528,17,0
397,332.8483871,610.8316129,17,0
398,396,301,17,0
399,421.1336146,653.649789,17,0
400,422,423,17,0
401,452.5,524,17,0
402,496,331.5,17,0
403,501.5706122,616.9779592,17,0
404,524.996991,767.001003,17,0
405,533,528,17,0
406,573,40,17,0
407,632.5232143,695.047619,17,0
408,640,578,17,0
409,697,495,17,0
410,702,816,17,0
411,727,923,17,0
412,833.5472665,184.022779,17,0
413,866.5,760,17,0
414,890.2902677,710.2987675,17,0
415,99.36983574,179.7401692,18,0
416,149,412,18,0
417,219,97.5,18,0
418,248.2054755,450.5887608,18,0
419,323,525,18,0
420,328.459101,609.9889462,18,0
421,396,301,18,0
422,419.418429,652.4660121,18,0
423,417.0394089,419.9876847,18,0
424,452,524,18,0
425,496,334,18,0
426,502,618,18,0
427,524.9949444,764.4843276,18,0
428,533,528,18,0
429,573,40,18,0
430,629,696,18,0
431,643,574,18,0
432,697,493.5,18,0
433,703,816,18,0
434,727,925,18,0
435,833,182,18,0
436,868,766,18,0
437,892.4969912,712.980177,18,0
438,101.0840296,180.4612079,19,0
439,149,412,19,0
440,220.3981774,96.45916579,19,0
441,247.7302487,447.1989298,19,0
442,323,525,19,0
443,327.1677675,610.1571995,19,0
444,396,301,19,0
445,416.4139535,654.9767442,19,0
446,414.0074627,418.3507463,19,0
447,450,522,19,0
448,496,334,19,0
449,501.692637,619.1575342,19,0
450,533,527,19,0
451,528,762,19,0
452,573,40,19,0
453,634,686,19,0
454,643,573,19,0
455,695,492,19,0
456,704,816,19,0
457,729,925,19,0
458,831.5238871,182.0081433,19,0
459,867,766,19,0
460,888.6870919,706.3977901,19,0
461,104.2634629,177.243178,20,0
462,149,412,20,0
463,228.2785358,89.81963394,20,0
464,246.8081761,447.2471698,20,0
465,323,525,20,0
466,324.4868863,613.99731,20,0
467,396,301,20,0
468,406.7394541,423.3895782,20,0
469,415,656,20,0
470,450,522,20,0
471,496,335.5,20,0
472,497.3710443,618.318038,20,0
473,533,527,20,0
474,528,763,20,0
475,573,40,20,0
476,634,686,20,0
477,643,570,20,0
478,696,492.5,20,0
479,699.5,816,20,0
480,729,925,20,0
481,833.5,181,20,0
482,865,766,20,0
483,890.1374172,707.8592715,20,0
484,105.5421527,174.8303287,21,0
485,149,412,21,0
486,226.3030083,89.65857195,21,0
487,248.6364245,446.0599263,21,0
488,323,525,21,0
489,324,612.5,21,0
490,395.5,301,21,0
491,414.4070536,657.9617928,21,0
492,405,419,21,0
493,450,522,21,0
494,463,451,21,0
495,495.5,336,21,0
496,493,617,21,0
497,533.5,527,21,0
498,528.5,769,21,0
499,573,40,21,0
500,632,687,21,0
501,643,572,21,0
502,698,492.5,21,0
503,702,812,21,0
504,728,925,21,0
505,833.5,180,21,0
506,863.5,766,21,0
507,887,710,21,0
508,102.5846774,175.4669355,22,0
509,149,412,22,0
510,230.028292,91.50890674,22,0
511,249.6985408,445.049674,22,0
512,323,525,22,0
513,322.7465008,618.688958,22,0
514,395,300,22,0
515,414,657.5,22,0
516,410,421,22,0
517,450,522,22,0
518,470,454,22,0
519,493.5,336,22,0
520,491,619,22,0
521,534.5,527,22,0
522,529,764,22,0
523,573,40,22,0
524,634,689,22,0
525,643,573,22,0
526,700,489.5,22,0
527,703,813.5,22,0
528,728,924,22,0
529,832,182,22,0
530,863,764,22,0
531,888,710,22,0
532,100.4553497,169.1581421,23,0
533,149,412,23,0
534,225.5,92,23,0
535,253.508161,447.0061661,23,0
536,323,525,23,0
537,321,620.5,23,0
538,394.5,300,23,0
539,415,656.5,23,0
540,409,424,23,0
541,449,518,23,0
542,471,455,23,0
543,493,336,23,0
544,491,619,23,0
545,535.5,527,23,0
546,531,762,23,0
547,573,40,23,0
548,632,690.5,23,0
549,643,572,23,0
550,701,488,23,0
551,704,822,23,0
552,736.5,928,23,0
553,832.3011035,182.3399895,23,0
554,863,764,23,0
555,888,710,23,0
556,102.7069345,164.2333517,24,0
557,149,412,24,0
558,227.9619883,89.42690058,24,0
559,258.3954008,438.9674225,24,0
560,323,525,24,0
561,321.86196,618.1612223,24,0
562,393,298.5,24,0
563,415,659.5,24,0
564,410,424,24,0
565,449,518,24,0
566,470.5,455,24,0
567,493,336,24,0
568,490,622.5,24,0
569,536,527,24,0
570,534.5,762,24,0
571,572.5,37,24,0
572,633.5382206,696.5338346,24,0
573,643,572,24,0
574,702,491,24,0
575,706,821,24,0
576,738,928,24,0
577,834.5,175,24,0
578,864,764,24,0
579,888,710,24,0
580,105.158042,162.1546853,25,0
581,149,412,25,0
582,227.5936361,89.83195227,25,0
583,253.4225979,442.9890273,25,0
584,323,525,25,0
585,327.0006109,624.0018326,25,0
586,392,297,25,0
587,415.5530086,663.482808,25,0
588,409,424,25,0
589,449,518,25,0
590,472.3621622,454.8086486,25,0
591,492,336,25,0
592,493,623.5,25,0
593,528,763,25,0
594,536.5518417,527.9754434,25,0
595,569.4457948,35.02673797,25,0
596,631.9430267,695.505638,25,0
597,643,572.5,25,0
598,702,492,25,0
599,706,821,25,0
600,738,930,25,0
601,833,176,25,0
602,864,764,25,0
603,886,710,25,0
604,104.6069379,160.8432447,26,0
605,149,412,26,0
606,233.5858549,90.53554502,26,0
607,253.0875862,442.5241379,26,0
608,323,526.5,26,0
609,328,619,26,0
610,392,295,26,0
611,407,424,26,0
612,416.5929464,663.9617928,26,0
613,449.9747409,521.5084197,26,0
614,474.3940487,459.8981064,26,0
615,492,336,26,0
616,492.692637,625.1575342,26,0
617,529.0510315,764.0857763,26,0
618,538.5,529.5,26,0
619,568,35,26,0
620,628.038205,700.0303214,26,0
621,643,577,26,0
622,702,492.5,26,0
623,712,827,26,0
624,727,930,26,0
625,831.6636518,173.8569813,26,0
626,864.5,765,26,0
627,888,710,26,0
628,103.9022744,158.9162709,27,0
629,147.6273111,413.6273111,27,0
630,235.048433,89.01388889,27,0
631,253.3601469,440.9716288,27,0
632,323,529,27,0
633,327,621.5,27,0
634,393.1886587,293.6603053,27,0
635,407,424,27,0
636,417,664,27,0
637,455,518,27,0
638,478.8105263,457.0021053,27,0
639,492,332,27,0
640,492,628,27,0
641,523.4437811,766.8726368,27,0
642,541,531,27,0
643,569.5,40,27,0
644,628.9599757,701.9721043,27,0
645,643,577,27,0
646,702,493.5,27,0
647,707,822,27,0
648,732,930,27,0
649,830,172.5,27,0
650,864.5,765,27,0
651,888,710,27,0
652,106.8656356,161.6290478,28,0
653,146,415.5,28,0
654,235,87.5,28,0
655,252.2222944,439.0932727,28,0
656,323,529,28,0
657,326.7021924,619.1644336,28,0
658,394.5,292,28,0
659,406.5,423,28,0
660,418.5,661.5,28,0
661,454,520,28,0
662,480.3511498,457.7750155,28,0
663,492,332,28,0
664,492,628.5,28,0
665,520.1619256,767.7253829,28,0
666,541,531.5,28,0
667,569.5542052,38.97326203,28,0
668,627.3208489,703.4026217,28,0
669,643,576,28,0
670,700,492.5,28,0
671,707,822,28,0
672,736,937,28,0
673,829,173,28,0
674,863.5,765,28,0
675,888,710,28,0
676,105.8334587,159.2119388,29,0
677,150.688389,416.3470063,29,0
678,235.5564738,89.01618457,29,0
679,252.4899866,442.4962172,29,0
680,323,529,29,0
681,325,623.5,29,0
682,395,292,29,0
683,406,423,29,0
684,419.418429,663.5339879,29,0
685,454,520,29,0
686,482.3204837,459.3325775,29,0
687,494,329,29,0
688,493,627.5,29,0
689,516.4625122,766.4011685,29,0
690,539,532,29,0
691,568,38,29,0
692,626.5890034,699.5408935,29,0
693,643,574,29,0
694,700,492.5,29,0
695,707,822,29,0
696,736,937,29,0
697,834.609596,173.5444444,29,0
698,866.5,765,29,0
699,888,710,29,0
700,107.9260156,156.0847458,30,0
701,150.0242876,417.0165155,30,0
702,234.5479115,89.51386451,30,0
703,251.32884,440.2202909,30,0
704,323,529,30,0
705,324.6208333,623.6208333,30,0
706,395,293.5,30,0
707,393.5,417,30,0
708,419.9155844,662.5435993,30,0
709,453,522,30,0
710,483.4856089,449.0612546,30,0
711,489,626.5,30,0
712,497,324,30,0
713,513.4194156,769.8294062,30,0
714,539,532,30,0
715,568,38,30,0
716,630,697.5,30,0
717,641,575,30,0
718,696.8663522,494.4392034,30,0
719,708,822,30,0
720,736,938,30,0
721,834.6288327,178.3711673,30,0
722,869,764,30,0
723,888,710,30,0
724,107.4048839,156.1272234,31,0
725,149.6943543,416.1560675,31,0
726,237.6969917,90.34142805,31,0
727,248.4369809,446.49368,31,0
728,316,622,31,0
729,323,529,31,0
730,385,417,31,0
731,395,294,31,0
732,419,667,31,0
733,452,518,31,0
734,482.5,457,31,0
735,484.3,627.7767241,31,0
736,495.5582923,327.5188834,31,0
737,511.2520576,770.2150206,31,0
738,538.6208333,532.6208333,31,0
739,568,39,31,0
740,633.1934566,694.6650071,31,0
741,640.5,575,31,0
742,697,494,31,0
743,713,823,31,0
744,736,938,31,0
745,822.5650364,174.5312175,31,0
746,871.5,764.5,31,0
747,891.3528558,711.1500484,31,0
748,108.9994502,155.4037933,32,0
749,149.7000955,415.6590258,32,0
750,239.5480076,89.47628083,32,0
751,245.3799777,447.4819501,32,0
752,319,623,32,0
753,323,529,32,0
754,385,417,32,0
755,394,293.5,32,0
756,415,660.5,32,0
757,452,518,32,0
758,481,628.5,32,0
759,482,457,32,0
760,495.5934633,328.4581422,32,0
761,508.5062241,768.530083,32,0
762,537,536,32,0
763,569,40,32,0
764,628.8257093,694.8129705,32,0
765,639,581,32,0
766,697,495.5,32,0
767,715,824,32,0
768,737,938,32,0
769,821,176.5,32,0
770,872.5,765,32,0
771,894.5,710,32,0
772,108.3734592,154.4432206,33,0
773,147.8819855,417.3698225,33,0
774,243.2851022,447.7831246,33,0
775,241,88.5,33,0
776,319,623,33,0
777,323,529,33,0
778,385,417,33,0
779,394,292,33,0
780,416.0762101,667.4654995,33,0
781,450.5,518,33,0
782,480.404048,629.338081,33,0
783,487,463,33,0
784,496,327,33,0
785,506.0591659,767.1037827,33,0
786,539.5,544,33,0
787,568,30,33,0
788,630.1505131,692.6163056,33,0
789,639,581,33,0
790,700,494,33,0
791,719.8569813,825.3363482,33,0
792,736,942,33,0
793,820.6839493,175.6519581,33,0
794,873.5,761,33,0
795,894.3697318,709.6269157,33,0
796,109.459026,153.1233596,34,0
797,149.5969211,419.0395853,34,0
798,241.7328605,448.8774063,34,0
799,242,85,34,0
800,316,633,34,0
801,323,529,34,0
802,384.5,417,34,0
803,394,292,34,0
804,417,671,34,0
805,448,518,34,0
806,475.5138999,628.4964257,34,0
807,486,463.5,34,0
808,497.5488506,323.4850575,34,0
809,503,767.5,34,0
810,540.5,544,34,0
811,568,28,34,0
812,622.3568548,693.9551411,34,0
813,639.3333333,582.1447231,34,0
814,700,494.5,34,0
815,723.8532389,820.6503036,34,0
816,735,942,34,0
817,821,174.5,34,0
818,873.5,761,34,0
819,896.5,711,34,0
820,110,152,35,0
821,150,418,35,0
822,244.4679359,84.52104208,35,0
823,245.453115,448.9935774,35,0
824,318.5,632,35,0
825,323,529,35,0
826,380.5,417,35,0
827,394,293,35,0
828,418.6865672,669.8432836,35,0
829,449.584478,522.8894231,35,0
830,477,629.5,35,0
831,484.5,463,35,0
832,498,324.5,35,0
833,506.8721264,766.8721264,35,0
834,546,550,35,0
835,568,28,35,0
836,620.5129385,696.0649799,35,0
837,640.5,584,35,0
838,700.6195715,494.3804285,35,0
839,725,821,35,0
840,735,942,35,0
841,823,176,35,0
842,873,760.5,35,0
843,895,711,35,0
844,107,146,36,0
845,152.6943543,415.1560675,36,0
846,243.0604447,447.0444723,36,0
847,246.9898661,89.50199059,36,0
848,317,631,36,0
849,323,529,36,0
850,379.6223717,415.6223717,36,0
851,394,293,36,0
852,419,673.5,36,0
853,451.5,522,36,0
854,476.7266135,631.1827411,36,0
855,489,463,36,0
856,498,324.5,36,0
857,500.4641711,771.4320856,36,0
858,546,550,36,0
859,568,27,36,0
860,624.4691152,697.9805231,36,0
861,641,585,36,0
862,701,494.5,36,0
863,725.5,821,36,0
864,734,941,36,0
865,826,176.5,36,0
866,873,761,36,0
867,895,711,36,0
868,114,148,37,0
869,152,409,37,0
870,243.8576964,445.6604438,37,0
871,248,88.5,37,0
872,318,635,37,0
873,323,529,37,0
874,381.6223717,414.6223717,37,0
875,394,293,37,0
876,419.484789,676.5044161,37,0
877,453.5,521,37,0
878,475,630.5,37,0
879,494.5,469,37,0
880,497,320,37,0
881,499.2515593,773.8846154,37,0
882,546,550,37,0
883,568.5,30,37,0
884,617.9222423,701.9722725,37,0
885,641,587,37,0
886,704,493,37,0
887,728,817,37,0
888,734,942,37,0
889,827.3083961,176.1560818,37,0
890,873,760,37,0
891,897,713,37,0
892,114,149.5,38,0
893,152,410.5,38,0
894,244.5945687,449.172524,38,0
895,250.8977145,83.61820907,38,0
896,313,632,38,0
897,324,532,38,0
898,382.5,413,38,0
899,394,293,38,0
900,420,673.5,38,0
901,454,521,38,0
902,474.4162479,627.5393635,38,0
903,489.6473988,776.7697495,38,0
904,497.3874317,322.5486339,38,0
905,496,469,38,0
906,560,552,38,0
907,569,30,38,0
908,616,703.5,38,0
909,643.5,591,38,0
910,708.055914,492.0268817,38,0
911,734,818,38,0
912,735,943.5,38,0
913,828,177,38,0
914,879.5,765,38,0
915,897,714,38,0
916,113.5,150,39,0
917,152,414,39,0
918,244.4687988,444.0167707,39,0
919,255.702914,80.83830846,39,0
920,313,632,39,0
921,324,532,39,0
922,373.5,407,39,0
923,394,293,39,0
924,420.4686235,675.0091093,39,0
925,453,520,39,0
926,475,625,39,0
927,493.4445695,323.4715813,39,0
928,491.8111753,781.2678227,39,0
929,498.6208333,468.6208333,39,0
930,560,552,39,0
931,569,30,39,0
932,613.5,702,39,0
933,644,591,39,0
934,709,491,39,0
935,735,943,39,0
936,737,821,39,0
937,828,180,39,0
938,877.5,765,39,0
939,898,714,39,0
940,112,149,40,0
941,152,414,40,0
942,251.9292893,437.4899497,40,0
943,259,80,40,0
944,313,632,40,0
945,324,532,40,0
946,374,409,40,0
947,396.5,291,40,0
948,420,675.5,40,0
949,453,520,40,0
950,477.5398633,626.4441913,40,0
951,492.3396806,325.1412776,40,0
952,490.116095,779.6477573,40,0
953,501,468,40,0
954,565,552,40,0
955,569,30,40,0
956,613.112462,705.7244174,40,0
957,645,594,40,0
958,707.6319958,490.1425554,40,0
959,740,828,40,0
960,740,943,40,0
961,828,177,40,0
962,874.5,761,40,0
963,895,712.5,40,0
964,107.2459741,147.0625197,41,0
965,153,413,41,0
966,247.4778761,440.5630941,41,0
967,259,77,41,0
968,313,632,41,0
969,324,532,41,0
970,373,409,41,0
971,399,290,41,0
972,414.9201102,678.0413223,41,0
973,453,520,41,0
974,474.0195759,625.4437194,41,0
975,488.505618,780.0325843,41,0
976,496,321.5,41,0
977,500,468.5,41,0
978,568,30,41,0
979,565,552,41,0
980,611.0174594,709.0174594,41,0
981,645,594,41,0
982,706,491,41,0
983,741.5,944,41,0
984,742,828,41,0
985,827,177.5,41,0
986,874,761,41,0
987,894,709,41,0
988,107.2785857,145.1362988,42,0
989,153,413,42,0
990,243.3852251,438.6956246,42,0
991,257.3981774,79.54083421,42,0
992,316,630,42,0
993,324,532,42,0
994,372.5,415,42,0
995,399,288,42,0
996,414.3416268,681.5674641,42,0
997,461,524,42,0
998,475,625,42,0
999,485.03367,780.0538721,42,0
1000,496,330.5,42,0
1001,515.5,479,42,0
1002,566,28,42,0
1003,565,552,42,0
1004,613.8034138,707.4220129,42,0
1005,647.5,598,42,0
1006,707,491,42,0
1007,740,944,42,0
1008,742,829,42,0
1009,828,177.5,42,0
1010,881,758,42,0
1011,894.5,709,42,0
1012,108.6896881,149.2893062,43,0
1013,152.6243094,414.6243094,43,0
1014,243.6771654,442.069408,43,0
1015,258,81,43,0
1016,316.3343217,632.1445515,43,0
1017,324,532,43,0
1018,371.5,415,43,0
1019,398,287,43,0
1020,416.5167206,682.9946063,43,0
1021,461,524,43,0
1022,476,624,43,0
1023,484.4498346,779.4906284,43,0
1024,496,330,43,0
1025,507,474,43,0
1026,566,28,43,0
1027,569,556,43,0
1028,612.5019966,708.0165431,43,0
1029,654,602,43,0
1030,708.6636518,491.1430187,43,0
1031,739.5,824,43,0
1032,741,941,43,0
1033,829,175,43,0
1034,880,758,43,0
1035,893,709,43,0
1036,106.9745348,150.9510284,44,0
1037,152,415,44,0
1038,255.3358209,442.9676617,44,0
1039,256,75.5,44,0
1040,317,633.5,44,0
1041,324,532,44,0
1042,371,415,44,0
1043,397.5,287,44,0
1044,417,685.5,44,0
1045,461,524,44,0
1046,475.9292661,624.9292661,44,0
1047,486.5493757,780.0170261,44,0
1048,500.5482673,327.9746287,44,0
1049,508.5,474,44,0
1050,565,28,44,0
1051,570,557,44,0
1052,610.1444109,709.658006,44,0
1053,654,602,44,0
1054,705.0972678,490.615847,44,0
1055,740,816,44,0
1056,742,941,44,0
1057,829,176,44,0
1058,880,758,44,0
1059,894,709,44,0
1060,107.3010284,145.2689311,45,0
1061,153,413,45,0
1062,251.5349849,441.5631068,45,0
1063,257.4781133,74.51883271,45,0
1064,316,635.5,45,0
1065,324,532,45,0
1066,369.5,413,45,0
1067,396.5,287,45,0
1068,413.5236593,681.4913249,45,0
1069,461,528,45,0
1070,481.108871,626.9153226,45,0
1071,481.3732057,777.3732057,45,0
1072,501,327,45,0
1073,507.5,474,45,0
1074,565,28,45,0
1075,575,552,45,0
1076,609.9838289,711.4726135,45,0
1077,657.5,604,45,0
1078,704,489,45,0
1079,742,940,45,0
1080,747.1797665,809.9859922,45,0
1081,827.6195715,175.6195715,45,0
1082,883.5,758,45,0
1083,894,709,45,0
1084,108.8675948,147.7550355,46,0
1085,153,413,46,0
1086,249.0083207,442.0056732,46,0
1087,255.3158083,74.62195994,46,0
1088,316,637.5,46,0
1089,324,532,46,0
1090,371,413,46,0
1091,394,286,46,0
1092,407.6592593,680.9333333,46,0
1093,461,528,46,0
1094,478,625,46,0
1095,485.5,778,46,0
1096,503.5,324,46,0
1097,503.6208333,472.6208333,46,0
1098,566,28,46,0
1099,576,552,46,0
1100,614.5521144,716.0655152,46,0
1101,658,604,46,0
1102,710,487,46,0
1103,744.8956707,809.451384,46,0
1104,742,941,46,0
1105,827,177.5,46,0
1106,886.3847607,763.6152393,46,0
1107,893.5,709,46,0
1108,111.0019927,144.4908668,47,0
1109,153,413,47,0
1110,250.7751196,446.0717703,47,0
1111,255.8598726,73.63619333,47,0
1112,316,641.5,47,0
1113,324,533.5,47,0
1114,369.5,413,47,0
1115,395,286.5,47,0
1116,408.7030913,685.4097771,47,0
1117,461,528,47,0
1118,478,625,47,0
1119,484.5,776,47,0
1120,502,472,47,0
1121,504,323,47,0
1122,566,28,47,0
1123,576,552,47,0
1124,617.1818739,712.6846295,47,0
1125,658,604,47,0
1126,708.5,488,47,0
1127,742,941,47,0
1128,767,821,47,0
1129,801.0011547,794.5127021,47,0
1130,827,178,47,0
1131,877.9550085,754.5050934,47,0
1132,891.5,709,47,0
1133,116.0240371,144.4876919,48,0
1134,153,413,48,0
1135,251.056683,444.0262421,48,0
1136,255.4715615,71.99379524,48,0
1137,316,642.5,48,0
1138,323.5,534,48,0
1139,366,411,48,0
1140,396,287,48,0
1141,410.9249823,687.0679406,48,0
1142,459.3847607,526.6152393,48,0
1143,472,625,48,0
1144,478.3877005,781.3877005,48,0
1145,501,326,48,0
1146,501.5,472,48,0
1147,566,28,48,0
1148,577,552,48,0
1149,613.513658,716.0480998,48,0
1150,658,604,48,0
1151,709,488.5,48,0
1152,742,941,48,0
1153,782,788,48,0
1154,827,176.5,48,0
1155,861.994575,758.0241109,48,0
1156,880.4956772,703.0115274,48,0
1157,113.3713811,139.6314665,49,0
1158,153,413,49,0
1159,248.7471776,438.6657544,49,0
1160,250.7766777,74.17491749,49,0
1161,315,639.5,49,0
1162,323,534.5,49,0
1163,364,410,49,0
1164,402,287,49,0
1165,409.017094,683.0135328,49,0
1166,460,527,49,0
1167,472,625,49,0
1168,479,774,49,0
1169,501,326,49,0
1170,501,469,49,0
1171,564,29,49,0
1172,579,552.5,49,0
1173,611.9323821,717.8796526,49,0
1174,653.6195715,606.6195715,49,0
1175,708.5244989,490.5077951,49,0
1176,742,941,49,0
1177,756,771,49,0
1178,803,758,49,0
1179,827,175.5,49,0
1180,845.8692098,748.8537693,49,0
1181,110.3772509,138.3697479,50,0
1182,153,413.5,50,0
1183,242.0442418,439.0597771,50,0
1184,255.4470785,76.0918197,50,0
1185,314.4723796,642.9922096,50,0
1186,322,535,50,0
1187,363,413.5,50,0
1188,402,287,50,0
1189,407.0686275,682.352187,50,0
1190,460,527,50,0
1191,472,625,50,0
1192,475.5788091,778.1217163,50,0
1193,498.5,467,50,0
1194,501,326,50,0
1195,564,29,50,0
1196,579,552.5,50,0
1197,617.7109544,723.2814534,50,0
1198,653,607,50,0
1199,708,487,50,0
1200,742.5,941,50,0
1201,791,742,50,0
1202,823.5,175,50,0
1203,816.2803738,762.3333333,50,0
1204,115.2699844,138.2979782,51,0
1205,153,414,51,0
1206,243.5759659,437.8005894,51,0
1207,258.5,76.5,51,0
1208,314,639,51,0
1209,322,535,51,0
1210,365,411,51,0
1211,402,286,51,0
1212,406.344652,682.0687606,51,0
1213,460,527,51,0
1214,468.5778175,780.6252236,51,0
1215,474,626,51,0
1216,500,467,51,0
1217,505,325,51,0
1218,564,29,51,0
1219,581,551,51,0
1220,620.5,720.5,51,0
1221,653,607,51,0
1222,708,489.5,51,0
1223,744,941,51,0
1224,794.2678984,729.2101617,51,0
1225,823,177,51,0
1226,818.5,755,51,0
1227,113.7576485,141.889922,52,0
1228,154,412,52,0
1229,246.2419041,442.6227332,52,0
1230,254.9355195,75.03426676,52,0
1231,314,641,52,0
1232,322,535,52,0
1233,364.5,411,52,0
1234,402,286,52,0
1235,407.5694076,681.9814324,52,0
1236,460,529.5,52,0
1237,465,782,52,0
1238,474,626,52,0
1239,502,467,52,0
1240,505,321,52,0
1241,564,29,52,0
1242,577,548.5,52,0
1243,621,718,52,0
1244,646.4294444,614.4688889,52,0
1245,707.0771381,491.1022918,52,0
1246,744,941,52,0
1247,823,176.5,52,0
1248,111.9821737,145.4666475,53,0
1249,154.5,411,53,0
1250,247.7343578,440.2129528,53,0
1251,257.0632552,75.96908316,53,0
1252,314,641.5,53,0
1253,322.5,534,53,0
1254,366,409,53,0
1255,402,286,53,0
1256,404.477717,680.7763878,53,0
1257,460,530,53,0
1258,463.9208185,782.4599644,53,0
1259,474,626.5,53,0
1260,498.5,467,53,0
1261,506,319,53,0
1262,564,29,53,0
1263,578,547,53,0
1264,630,717.5,53,0
1265,647,617,53,0
1266,705,493.5,53,0
1267,746,945,53,0
1268,823,178.5,53,0
1269,112.0589177,149.5254563,54,0
1270,155,409,54,0
1271,242.2697502,444.1350439,54,0
1272,258.3091716,76.15532544,54,0
1273,314,642,54,0
1274,323.6235294,534.3764706,54,0
1275,365.5,409,54,0
1276,402,286,54,0
1277,410.5605484,680.9916222,54,0
1278,460,535,54,0
1279,462.6026381,785.6834295,54,0
1280,477.6223717,629.3776283,54,0
1281,489.6208333,462.3791667,54,0
1282,508,319.5,54,0
1283,564,29,54,0
1284,580.5,545,54,0
1285,629,718,54,0
1286,647,617,54,0
1287,704,495.5,54,0
1288,746,952,54,0
1289,822.6839493,178.6519581,54,0
1290,117.5931839,148.0205711,55,0
1291,156.5,403,55,0
1292,240.5015674,446.5182863,55,0
1293,261.1101726,75.87807565,55,0
1294,315,643,55,0
1295,324,535.5,55,0
1296,371.5,408,55,0
1297,402,286,55,0
1298,404.9340974,684.4591691,55,0
1299,460,535,55,0
1300,464,785,55,0
1301,478,631,55,0
1302,489.7810438,453.7246551,55,0
1303,508,316,55,0
1304,564,29,55,0
1305,581,545,55,0
1306,627,720,55,0
1307,644,624,55,0
1308,705,496.5,55,0
1309,746,952,55,0
1310,822,178.5,55,0
1311,118.0290796,148.4875776,56,0
1312,156.1332046,407.0485843,56,0
1313,244.7910714,442.2241071,56,0
1314,265.89631,74.04870849,56,0
1315,317,644.5,56,0
1316,323.6235294,536.6235294,56,0
1317,369.5,408,56,0
1318,402,283.5,56,0
1319,413.3270337,691.7608874,56,0
1320,460,535.5,56,0
1321,464,785,56,0
1322,478,631,56,0
1323,489.1837088,455.3154246,56,0
1324,507.4763062,316.9933171,56,0
1325,564,29,56,0
1326,581.5,540,56,0
1327,631,725,56,0
1328,644,624,56,0
1329,705,494,56,0
1330,746,952,56,0
1331,825,176,56,0
1332,123.6264671,148.0434272,57,0
1333,155,408.5,57,0
1334,243.468058,443.0173072,57,0
1335,267,75.5,57,0
1336,317,646,57,0
1337,322,537.5,57,0
1338,368,408,57,0
1339,402,282.5,57,0
1340,411.5337079,691.0064205,57,0
1341,460,536,57,0
1342,459,786,57,0
1343,478,631,57,0
1344,490.5274262,448.6244726,57,0
1345,508.6951456,314.6660194,57,0
1346,562,29,57,0
1347,582,540,57,0
1348,637,628,57,0
1349,636,724,57,0
1350,704.4755011,495.4922049,57,0
1351,746,952,57,0
1352,825,176,57,0
1353,123.4753247,148.4952381,58,0
1354,157.6641791,404.6531473,58,0
1355,244.7247654,441.0696616,58,0
1356,265,75,58,0
1357,316.6780777,648.6510862,58,0
1358,322,538,58,0
1359,364,408,58,0
1360,403.8613502,275.3416402,58,0
1361,417.3333333,689.8048359,58,0
1362,460,536,58,0
1363,458.5431111,787.5226667,58,0
1364,478.5,632,58,0
1365,487.2439791,445.4560209,58,0
1366,506.3204913,314.4265773,58,0
1367,562,29,58,0
1368,583,541.5,58,0
1369,636.5,628,58,0
1370,640.6344307,724.1344307,58,0
1371,704,494.5,58,0
1372,747.5,952,58,0
1373,822.7223637,177.3285787,58,0
1374,126.6646598,147.5502709,59,0
1375,163.6243094,399.6243094,59,0
1376,247.0630372,442.6195479,59,0
1377,266.5205479,75.49391172,59,0
1378,311,653,59,0
1379,322,538.5,59,0
1380,365.5,408,59,0
1381,405.5,276,59,0
1382,410.3316195,693.075407,59,0
1383,460,536,59,0
1384,458,789,59,0
1385,479,632,59,0
1386,488,454,59,0
1387,507.4884273,315.5032641,59,0
1388,562,29,59,0
1389,583,543,59,0
1390,634,628,59,0
1391,644.0235732,728.058933,59,0
1392,701.0482833,495.1013948,59,0
1393,748.5,952,59,0
1394,826,180.5,59,0
1395,128.7386683,145.3194748,60,0
1396,160.5195804,402.0059441,60,0
1397,245.2192125,435.56716,60,0
1398,270.5,73,60,0
1399,301.8587224,657.6603194,60,0
1400,321,539,60,0
1401,366,408,60,0
1402,403.0892857,276.5388655,60,0
1403,408.5017007,695.502551,60,0
1404,460,536,60,0
1405,458,789,60,0
1406,481.5,632,60,0
1407,487.8242142,455.2724098,60,0
1408,509,313,60,0
1409,562,30.5,60,0
1410,583,543,60,0
1411,634,628,60,0
1412,654.5527761,725.0701647,60,0
1413,700,494.5,60,0
1414,747,958,60,0
1415,826,179,60,0
1416,135.8489848,145.0063452,61,0
1417,159.5671535,402.5276095,61,0
1418,247.7228916,436.2077579,61,0
1419,271,72.5,61,0
1420,304,659,61,0
1421,321,539,61,0
1422,363,408.5,61,0
1423,401,280,61,0
1424,410.9873987,695.5067507,61,0
1425,460,536.5,61,0
1426,463.5,783,61,0
1427,482.5,632.5,61,0
1428,486,450,61,0
1429,507.3311185,314.0703212,61,0
1430,562,30,61,0
1431,583,543,61,0
1432,634,628,61,0
1433,653.8535229,727.2472188,61,0
1434,699.5,493,61,0
1435,747,958,61,0
1436,824.4648352,180.9324176,61,0
1437,138,145,62,0
1438,161,398,62,0
1439,245.7282366,439.3928571,62,0
1440,274.8771996,70.62411082,62,0
1441,304,658,62,0
1442,321,539,62,0
1443,363,410.5,62,0
1444,401,281,62,0
1445,411.4846727,696.1416736,62,0
1446,460,537,62,0
1447,461,783,62,0
1448,483,633,62,0
1449,486,450,62,0
1450,509.9869919,311.0308943,62,0
1451,562,30,62,0
1452,586,542,62,0
1453,634,628,62,0
1454,654.9809394,730.573179,62,0
1455,701,487,62,0
1456,746.5,958,62,0
1457,824,177.5,62,0
1458,138,144,63,0
1459,161,394.5,63,0
1460,245.0880109,433.5645777,63,0
1461,277,67.5,63,0
1462,301.5,660,63,0
1463,320,542,63,0
1464,362,409,63,0
1465,401,278,63,0
1466,405.7705179,698.7808765,63,0
1467,462,537,63,0
1468,460.5,783,63,0
1469,482,633,63,0
1470,483,447,63,0
1471,510.4645233,309.537694,63,0
1472,562,30,63,0
1473,588,541,63,0
1474,634,628,63,0
1475,655.2155567,731.9603457,63,0
1476,701,486.5,63,0
1477,747.5,957,63,0
1478,824,177,63,0
1479,143.2868641,139.3055377,64,0
1480,161,395,64,0
1481,246.0283688,432.0161702,64,0
1482,272.4701861,59.56855298,64,0
1483,296.9041262,661.9277913,64,0
1484,320,542,64,0
1485,361.5,409,64,0
1486,401,277.5,64,0
1487,405.3786489,701.6371977,64,0
1488,454,783,64,0
1489,463.5,537,64,0
1490,479.5615129,440.8778055,64,0
1491,482,633,64,0
1492,510.9011858,309.525127,64,0
1493,562,30,64,0
1494,588,541,64,0
1495,636,628.5,64,0
1496,668.5421053,731.6368421,64,0
1497,700.5,485,64,0
1498,744,956,64,0
1499,825,177,64,0
1500,149,134.5,65,0
1501,160.1070917,396.0798711,65,0
1502,245.4029458,435.4900053,65,0
1503,269,54.5,65,0
1504,296.5,664,65,0
1505,320,542.5,65,0
1506,366,398,65,0
1507,401.9552314,275.4869215,65,0
1508,403.635274,699.8535959,65,0
1509,456.3827392,782.3827392,65,0
1510,464,537.5,65,0
1511,472.8627451,629.6352941,65,0
1512,481,442,65,0
1513,511.5769446,312.4795747,65,0
1514,562,30,65,0
1515,588,541,65,0
1516,639,630,65,0
1517,672.5032723,732.0294503,65,0
1518,699,486.5,65,0
1519,744.5,956,65,0
1520,821.5,176,65,0
1521,152.0707333,131.4795587,66,0
1522,157,397,66,0
1523,246.5059488,431.5315289,66,0
1524,272,47,66,0
1525,295.6970387,667.6594533,66,0
1526,320,543,66,0
1527,367,399,66,0
1528,398.5705556,275.5311111,66,0
1529,397.7285298,700.8282387,66,0
1530,456,781,66,0
1531,464,538,66,0
1532,473,630.5,66,0
1533,483,433,66,0
1534,513.3540557,308.5618709,66,0
1535,562,30,66,0
1536,587.5,541,66,0
1537,636,630,66,0
1538,671.4770039,732.0578187,66,0
1539,698,488,66,0
1540,744,956,66,0
1541,819,176,66,0
1542,158,396.5,67,0
1543,159,132,67,0
1544,244.747152,432.185885,67,0
1545,276,47,67,0
1546,293.5,671,67,0
1547,320,543,67,0
1548,367.5,399,67,0
1549,398,277,67,0
1550,403.8244726,707.0886076,67,0
1551,455.8868715,783.9420391,67,0
1552,464,535,67,0
1553,472.2472089,631.2472089,67,0
1554,477,434,67,0
1555,512.7056128,308.3865979,67,0
1556,562,30,67,0
1557,587,541,67,0
1558,636,630,67,0
1559,674.0866089,733.3451033,67,0
1560,698,491,67,0
1561,744.5,956,67,0
1562,820,174,67,0
1563,160,396,68,0
1564,162.5877081,132.0246479,68,0
1565,244.5845157,435.5246761,68,0
1566,277,46,68,0
1567,293.0608974,669.9711538,68,0
1568,320,543,68,0
1569,367,399,68,0
1570,398,277,68,0
1571,401.2975654,700.1902615,68,0
1572,454.6161462,786.6161462,68,0
1573,462.6636518,533.8569813,68,0
1574,468.6223717,632.3776283,68,0
1575,483,433,68,0
1576,512.9802905,313.5093361,68,0
1577,562,30,68,0
1578,586,541,68,0
1579,631,629,68,0
1580,678.3921189,733.3921189,68,0
1581,698,493,68,0
1582,743,955,68,0
1583,820,173,68,0
1584,160.5,396,69,0
1585,161.5726609,129.0205707,69,0
1586,247.0100869,435.0168114,69,0
1587,278,50,69,0
1588,294.3219223,669.6510862,69,0
1589,320,542,69,0
1590,369,398,69,0
1591,400,270,69,0
1592,399.2547085,698.6887892,69,0
1593,452,787,69,0
1594,462.5,533,69,0
1595,463,634,69,0
1596,477,434,69,0
1597,510.582878,308.9744991,69,0
1598,562,30,69,0
1599,585,540.5,69,0
1600,630.5,629,69,0
1601,681.0872131,730.6196721,69,0
1602,699,492.5,69,0
1603,743,955,69,0
1604,820,173,69,0
1605,162,393,70,0
1606,170.9325581,126.4677741,70,0
1607,246.9967672,434.5080819,70,0
1608,281,49,70,0
1609,295,671,70,0
1610,313,540,70,0
1611,369.5,397,70,0
1612,400,270.5,70,0
1613,398.1743119,700.9100917,70,0
1614,451.5,787,70,0
1615,463,534,70,0
1616,463,633,70,0
1617,477,432,70,0
1618,511.0103806,310.0103806,70,0
1619,560.4789528,28.54517454,70,0
1620,585.5,538,70,0
1621,630,629,70,0
1622,677.5966709,730.5416133,70,0
1623,704,493,70,0
1624,743,955,70,0
1625,820,173,70,0
1626,160.6480626,398.5769641,71,0
1627,171.5930126,125.0239044,71,0
1628,246.3624161,432.1020134,71,0
1629,281,49,71,0
1630,295.3134615,670.1557692,71,0
1631,319,536,71,0
1632,368.5,395,71,0
1633,389,267,71,0
1634,399.9358491,701.0822642,71,0
1635,446,789,71,0
1636,458,531,71,0
1637,463,631,71,0
1638,478,431,71,0
1639,511.0465253,312.5123675,71,0
1640,559,28,71,0
1641,588,535,71,0
1642,624,625,71,0
1643,681.5824916,727.5468013,71,0
1644,706,493,71,0
1645,742,955,71,0
1646,820,174,71,0
1647,161.5,392,72,0
1648,174.660693,117.0603345,72,0
1649,242.1057556,429.5585483,72,0
1650,280,49,72,0
1651,293.1759603,668.3451053,72,0
1652,322,529,72,0
1653,368.5,394,72,0
1654,393,267,72,0
1655,400.2626609,698.8120172,72,0
1656,448.5,788,72,0
1657,458,531,72,0
1658,462.891129,626.9153226,72,0
1659,476,427,72,0
1660,511,309,72,0
1661,559,28,72,0
1662,588,534.5,72,0
1663,624,625,72,0
1664,681.9766913,727.593519,72,0
1665,706,493.5,72,0
1666,742,954,72,0
1667,820.6195715,178.3804285,72,0
1668,162,392.5,73,0
1669,177.1569055,119.0634704,73,0
1670,240.3272727,433.9549525,73,0
1671,280,49,73,0
1672,295,672,73,0
1673,322.5,529,73,0
1674,369,393.5,73,0
1675,393,267,73,0
1676,399.6176678,698.7978799,73,0
1677,449.5,786,73,0
1678,458,531,73,0
1679,464,625,73,0
1680,476,427,73,0
1681,512,311,73,0
1682,559,28,73,0
1683,588,532,73,0
1684,625,625,73,0
1685,685.9926174,727.4738255,73,0
1686,701.6636518,490.1430187,73,0
1687,744,954,73,0
1688,822,174.5,73,0
1689,162,395.5,74,0
1690,174.1850336,116.0704472,74,0
1691,239.0160183,433.0098071,74,0
1692,282,50,74,0
1693,297.6328767,676.8616438,74,0
1694,323,529,74,0
1695,372.5,389,74,0
1696,393,267,74,0
1697,395.8653713,699.3060375,74,0
1698,450.5,785.5,74,0
1699,457,533,74,0
1700,464.5,624.5,74,0
1701,476,421,74,0
1702,514.1708309,308.4503196,74,0
1703,559.5,28,74,0
1704,588,530,74,0
1705,625,627,74,0
1706,683.5976294,728.6313163,74,0
1707,701,491,74,0
1708,742.5,954,74,0
1709,823.5,173,74,0
1710,162.5,392,75,0
1711,175.8334703,114.6105177,75,0
1712,237.4059381,434.5067827,75,0
1713,280,48,75,0
1714,296.1022727,675.9258021,75,0
1715,323,529,75,0
1716,371.5,389,75,0
1717,393,264,75,0
1718,397.9935205,702.5111591,75,0
1719,452,784,75,0
1720,461,534,75,0
1721,465,622.5,75,0
1722,476,421,75,0
1723,514.7791249,315.0927781,75,0
1724,558.5,27,75,0
1725,592.5,531,75,0
1726,625,628,75,0
1727,687.254321,727.2104938,75,0
1728,706,493,75,0
1729,741,954,75,0
1730,824,175,75,0
1731,160,394,76,0
1732,178.057581,113.7633102,76,0
1733,241.5855778,422.5276571,76,0
1734,280,51,76,0
1735,297.5,678.5,76,0
1736,323,528,76,0
1737,369.5,389,76,0
1738,390,259,76,0
1739,400.5135338,704.0203008,76,0
1740,452,784,76,0
1741,460.5,534,76,0
1742,464,623.5,76,0
1743,476,420.5,76,0
1744,513.0250142,318.0017055,76,0
1745,557,27,76,0
1746,596,532,76,0
1747,625,627.5,76,0
1748,688.4373107,724.5911569,76,0
1749,707,492.5,76,0
1750,741.5,954,76,0
1751,824,174.5,76,0
1752,142.4091743,381.9321101,77,0
1753,182,114.5,77,0
1754,239.9688222,425.4910508,77,0
1755,281.237247,49.76275304,77,0
1756,297.0134271,674.9968031,77,0
1757,323,527,77,0
1758,365,388.5,77,0
1759,390,257,77,0
1760,400.6769115,702.7578711,77,0
1761,452,784,77,0
1762,460,534,77,0
1763,467,628,77,0
1764,475,419,77,0
1765,513.9140534,312.539489,77,0
1766,557,27,77,0
1767,596,532,77,0
1768,625,627,77,0
1769,693.125,721.5785714,77,0
1770,706,491,77,0
1771,741,954,77,0
1772,823.6839493,176.6519581,77,0
1773,180.2089368,110.3251156,78,0
1774,237.8888249,425.4714862,78,0
1775,281.6175852,48.61758519,78,0
1776,297.5578769,677.484472,78,0
1777,323,527,78,0
1778,365,385,78,0
1779,390,260,78,0
1780,400.4880282,703.0330986,78,0
1781,452,784,78,0
1782,459.5,534,78,0
1783,465,629,78,0
1784,475,419,78,0
1785,516,319,78,0
1786,556,27,78,0
1787,596,532,78,0
1788,632.5,631,78,0
1789,691.2683761,722.8603989,78,0
1790,705,489.5,78,0
1791,741,954,78,0
1792,823,177,78,0
1793,183.4048851,109.0224138,79,0
1794,238.1145038,427.0662486,79,0
1795,278.5,46,79,0
1796,297.4874001,680.0036878,79,0
1797,323,530.5,79,0
1798,366,385,79,0
1799,391.5463158,262.9794737,79,0
1800,404.3406421,706.6068912,79,0
1801,451.5,784,79,0
1802,461.5,535,79,0
1803,465,629,79,0
1804,475,419,79,0
1805,516,315,79,0
1806,556,28.5,79,0
1807,596,531,79,0
1808,633,631,79,0
1809,689.2851312,723.7154519,79,0
1810,703,491.5,79,0
1811,743,953,79,0
1812,823,178,79,0
1813,187.3241501,114.056272,80,0
1814,240.8141077,432.9427208,80,0
1815,282,46.5,80,0
1816,292.9122807,680.6192982,80,0
1817,323,531,80,0
1818,366,386,80,0
1819,392,263,80,0
1820,401.9510655,707.0157853,80,0
1821,450,784,80,0
1822,462,535.5,80,0
1823,465,628,80,0
1824,476,419,80,0
1825,517.0121816,315.0055371,80,0
1826,557.5,30,80,0
1827,596,531,80,0
1828,633,631,80,0
1829,691.0745533,724.6186075,80,0
1830,704,488.5,80,0
1831,744,951,80,0
1832,823,179,80,0
1833,183.6383991,109.9490624,81,0
1834,242.6068927,431.5589801,81,0
1835,282,46,81,0
1836,288.5615142,683.9722397,81,0
1837,323,531,81,0
1838,365.5,386,81,0
1839,389.591702,261.1164545,81,0
1840,403.1061693,703.7058824,81,0
1841,450,784,81,0
1842,468,538,81,0
1843,466.5,625,81,0
1844,476,419,81,0
1845,521.5746173,318.9789541,81,0
1846,559.5,29,81,0
1847,596,531,81,0
1848,633,631,81,0
1849,697.6188341,718.0941704,81,0
1850,707.5,489.5,81,0
1851,744,951,81,0
1852,823,179,81,0
1853,184.6398909,109.2719006,82,0
1854,242.1222281,427.0781415,82,0
1855,282,46,82,0
1856,287.6208333,687.3791667,82,0
1857,323,531,82,0
1858,370.0055325,388.4910097,82,0
1859,387,263,82,0
1860,402.9237602,705.0636566,82,0
1861,450,784,82,0
1862,468,538,82,0
1863,467,619,82,0
1864,476,419,82,0
1865,518.179471,320.9086902,82,0
1866,560,28,82,0
1867,596,531.5,82,0
1868,633,631,82,0
1869,696.5140187,718.5607477,82,0
1870,708,491,82,0
1871,743.5,951,82,0
1872,823,179,82,0
1873,182.2551724,108.8098951,83,0
1874,238.8654903,427.9418571,83,0
1875,284,43.5,83,0
1876,286.6865385,680.8442308,83,0
1877,323,531.5,83,0
1878,374,391,83,0
1879,387,260,83,0
1880,401.8014286,706.56,83,0
1881,450,784,83,0
1882,465,621.5,83,0
1883,468,538,83,0
1884,476,419,83,0
1885,515,313,83,0
1886,560,30.5,83,0
1887,595,533,83,0
1888,636,629,83,0
1889,694.4921569,718.4745098,83,0
1890,708,492,83,0
1891,743,951,83,0
1892,823,179.5,83,0
1893,187.3225707,105.6722017,84,0
1894,235.9425188,429.9870017,84,0
1895,287.3474962,43.69044006,84,0
1896,284.845958,677.1476766,84,0
1897,323,532,84,0
1898,375,391,84,0
1899,387.3137755,258.6530612,84,0
1900,400.6531049,711.6923626,84,0
1901,452.0923295,783.5696023,84,0
1902,463.4863606,619.5036593,84,0
1903,466,537,84,0
1904,476,419,84,0
1905,515,315,84,0
1906,560,31,84,0
1907,593.6208333,533.6208333,84,0
1908,637,633,84,0
1909,691.8446991,721.3747851,84,0
1910,709,492,84,0
1911,743,952,84,0
1912,823,180,84,0
1913,142.9497207,385.8212291,85,0
1914,189.8873239,106.5258216,85,0
1915,239.2048422,430.1515234,85,0
1916,285,42,85,0
1917,287.2072473,676.8722187,85,0
1918,323,532,85,0
1919,373.8569813,391.3363482,85,0
1920,391.1447231,259.3333333,85,0
1921,404.6398243,712.4714495,85,0
1922,452.6208333,785.6208333,85,0
1923,466,537,85,0
1924,466,621,85,0
1925,476,418,85,0
1926,520.5693128,317.4751185,85,0
1927,558,30,85,0
1928,593,534.5,85,0
1929,638,633.5,85,0
1930,696.4982185,722.0415677,85,0
1931,709,492.5,85,0
1932,743,952.5,85,0
1933,823,180,85,0
1934,145,377,86,0
1935,190.5,104.5,86,0
1936,238.7210125,426.885411,86,0
1937,285.5908909,41.95085897,86,0
1938,290.3435512,673.8426836,86,0
1939,323,532,86,0
1940,373,393,86,0
1941,392,257.5,86,0
1942,400.3961474,715.0318258,86,0
1943,452,785,86,0
1944,461.9405099,625.5206799,86,0
1945,470,536,86,0
1946,476.5,418,86,0
1947,522,314.5,86,0
1948,557,30,86,0
1949,591,536.5,86,0
1950,640,635,86,0
1951,696.9837963,724.5769676,86,0
1952,709,493.5,86,0
1953,744,960,86,0
1954,823,180,86,0
1955,150,370,87,0
1956,199,105.5,87,0
1957,235.5089563,427.7571053,87,0
1958,294.4511156,39.47423935,87,0
1959,290,675,87,0
1960,323,532,87,0
1961,372,393,87,0
1962,390.6161369,256.1315403,87,0
1963,394.4383369,713.8801973,87,0
1964,452,785,87,0
1965,456.3791667,618.3791667,87,0
1966,470,536,87,0
1967,477,418,87,0
1968,525,311.5,87,0
1969,557,30,87,0
1970,589.776129,538.2993548,87,0
1971,640,635,87,0
1972,700.9706587,725.4071856,87,0
1973,709,490.5,87,0
1974,744,961,87,0
1975,823,180,87,0
1976,147.5208333,374.9930556,88,0
1977,196.0285307,105.0171184,88,0
1978,231.5177634,425.0222428,88,0
1979,293.5,38,88,0
1980,295,679.5,88,0
1981,323,532.5,88,0
1982,370.5,393,88,0
1983,386,258.5,88,0
1984,395.7485075,715.7261194,88,0
1985,452,785,88,0
1986,459,622,88,0
1987,470,535,88,0
1988,477,418,88,0
1989,525,316,88,0
1990,557.5,28,88,0
1991,587.6691475,540.1461434,88,0
1992,639,635,88,0
1993,705.9818523,722.7559449,88,0
1994,709,489.5,88,0
1995,743,961,88,0
1996,823,180,88,0
1997,146.2511416,375.0182648,89,0
1998,199.1416439,102.530179,89,0
1999,238.0765223,426.621296,89,0
2000,287,680.5,89,0
2001,295,38,89,0
2002,323,533,89,0
2003,369,391,89,0
2004,386,257,89,0
2005,399.9452736,714.5165837,89,0
2006,456.2490729,617.3114957,89,0
2007,457,786,89,0
2008,470,535,89,0
2009,477,418,89,0
2010,525,315,89,0
2011,557.5,30,89,0
2012,586.5518417,542.0245566,89,0
2013,639,637,89,0
2014,706.0903581,722.6413223,89,0
2015,709.525393,486.4915357,89,0
2016,746,956.5,89,0
2017,823,180.5,89,0
2018,158,366,90,0
2019,196.6222993,102.9154441,90,0
2020,238.9637019,428.0013854,90,0
2021,288.9397457,680.8524046,90,0
2022,296.5,35,90,0
2023,323,533,90,0
2024,368,389,90,0
2025,388,255,90,0
2026,394,712.5,90,0
2027,448,621.5,90,0
2028,457,786,90,0
2029,469,537,90,0
2030,477,418,90,0
2031,521.4304108,313.411404,90,0
2032,557,30,90,0
2033,586,544,90,0
2034,639,641,90,0
2035,708.2147157,723.2414716,90,0
2036,710,488.5,90,0
2037,746,955,90,0
2038,823,181,90,0
2039,200.7855429,95.31253749,91,0
2040,241.7288186,430.1980907,91,0
2041,284.0253713,684.4517327,91,0
2042,300,34,91,0
2043,323,533,91,0
2044,369.5,389,91,0
2045,389,254,91,0
2046,394,714.5,91,0
2047,449,621,91,0
2048,457,786,91,0
2049,468.5,537,91,0
2050,477,418,91,0
2051,525.3833428,303.0536224,91,0
2052,557,30,91,0
2053,586,544.5,91,0
2054,643,645,91,0
2055,708.6603194,492.1412776,91,0
2056,714.9888158,724.5059211,91,0
2057,744,956,91,0
2058,821.5,178,91,0
